LotArea,TotalBsmtSF,GrLivArea,GarageArea,PoolArea,OverallCond,Utilities,SalePrice
11553,1051,1159,336,0,5,AllPub,158000
8400,1052,1052,288,0,5,AllPub,138500
8960,1008,1028,360,0,6,AllPub,115000
11100,0,930,308,0,7,AllPub,84900
15593,1304,2287,667,0,4,AllPub,225000
3922,1258,1402,648,0,5,AllPub,194201
10680,2136,2136,528,0,3,AllPub,137900
16905,1350,1328,308,0,6,AllPub,170000
10852,959,1671,472,0,5,AllPub,173000
6240,884,1367,560,0,6,AllPub,127500
39104,1385,1363,439,0,7,AllPub,241500
10237,1316,1316,397,0,5,AllPub,169990
14303,1986,1987,691,0,5,AllPub,301500
9819,882,900,280,0,5,AllPub,122000
8029,728,1456,400,0,5,AllPub,176000
16492,1517,1888,578,0,6,AllPub,190000
7861,783,1509,393,0,5,AllPub,183200
9020,1248,1350,520,0,5,AllPub,168500
7207,858,858,0,0,7,AllPub,116500
8012,1604,1617,533,0,5,AllPub,193000
12011,1086,1924,592,0,5,AllPub,280000
7200,0,827,392,0,7,AllPub,107500
8978,948,948,300,0,5,AllPub,108000
10402,1226,1226,740,0,5,AllPub,198900
8314,816,816,264,0,7,AllPub,124500
7750,660,1320,400,0,5,AllPub,162000
10020,683,904,0,0,1,AllPub,61000
10000,1116,1116,440,0,6,AllPub,160000
9758,950,950,280,0,5,AllPub,119500
13688,1572,2668,726,0,5,AllPub,412500
16647,1390,1701,611,0,5,AllPub,171000
21780,1163,1674,396,0,7,AllPub,185000
10800,720,1192,0,0,4,AllPub,135000
3136,1405,1405,478,0,5,AllPub,171750
45600,907,2358,360,0,8,AllPub,240000
8924,880,1724,527,0,5,AllPub,188000
9790,1372,1342,457,0,5,AllPub,161500
4060,1405,1337,511,0,5,AllPub,181000
6000,928,928,288,0,6,AllPub,112500
3230,729,1471,440,0,5,AllPub,172500
1680,483,987,264,0,5,AllPub,100000
13704,1541,1541,843,0,5,AllPub,205000
10011,1070,1236,447,0,6,AllPub,134450
7931,1148,1148,672,0,5,AllPub,132500
13360,876,964,432,0,7,AllPub,163500
13418,1117,2452,691,0,5,AllPub,309000
9084,616,1111,200,0,6,AllPub,95000
11664,1082,1082,240,0,5,AllPub,119200
215245,2136,2036,513,0,5,AllPub,375000
8004,832,1935,552,0,5,AllPub,263435
13869,794,1470,388,0,6,AllPub,177000
8544,0,1040,400,0,4,AllPub,92900
14541,1338,2520,796,0,7,AllPub,310000
7535,912,912,297,0,7,AllPub,120000
8849,1684,1684,564,0,5,AllPub,266000
8814,1604,1604,660,0,5,AllPub,220000
7820,1869,1869,617,0,5,AllPub,318061
10784,384,1472,402,0,5,AllPub,160000
7879,720,720,0,0,5,AllPub,34900
9672,1040,1097,480,0,5,AllPub,152000
8121,953,1664,460,0,5,AllPub,172400
46589,1629,2448,711,0,7,AllPub,402000
8400,1314,1314,294,0,6,AllPub,145000
10140,832,1664,528,0,5,AllPub,162900
10382,1107,2090,484,0,6,AllPub,200000
7015,709,1203,352,0,4,AllPub,110000
7630,360,1812,672,0,9,AllPub,140000
8712,540,1044,504,0,5,AllPub,55993
11275,854,1991,432,0,7,AllPub,220000
9187,1084,1080,484,0,5,AllPub,134000
8967,961,1077,338,0,2,AllPub,67000
9000,936,1128,286,0,5,AllPub,118000
11200,1298,1298,403,0,5,AllPub,180000
14977,1976,1976,908,0,5,AllPub,440000
6629,672,1369,300,0,6,AllPub,103600
8738,975,2291,429,0,5,AllPub,230000
12155,1657,1657,484,0,3,AllPub,163500
14859,1670,1670,690,0,5,AllPub,240000
24090,1032,2403,349,0,7,AllPub,244400
10395,1032,1032,564,0,6,AllPub,148000
11700,727,1556,441,0,6,AllPub,154000
11310,1367,1375,451,0,5,AllPub,140000
10200,672,672,240,0,8,AllPub,108000
1680,483,987,288,0,5,AllPub,94500
10480,803,1964,483,0,6,AllPub,205000
13031,691,1498,409,0,5,AllPub,187500
9000,1088,1959,1025,0,5,AllPub,270000
1477,630,630,286,0,4,AllPub,80000
5000,540,1440,352,0,4,AllPub,79000
10289,1073,1073,515,0,7,AllPub,156000
11146,1709,1717,908,0,5,AllPub,255500
12925,1205,2117,550,0,7,AllPub,237500
7226,798,1640,595,0,5,AllPub,183000
11643,1248,2634,968,0,5,AllPub,200000
9600,1240,1632,338,0,6,AllPub,139000
10800,482,1912,672,0,7,AllPub,163000
11216,1489,1489,776,0,5,AllPub,232600
53107,1580,1953,501,0,5,AllPub,240000
3951,612,1224,528,0,5,AllPub,164500
25339,816,1416,576,0,7,AllPub,112000
7862,1218,1218,676,0,5,AllPub,208300
4456,736,1452,0,0,5,AllPub,113000
12546,1440,1440,467,0,7,AllPub,182900
8246,1060,1060,270,0,8,AllPub,154000
9187,1766,1766,478,0,5,AllPub,370878
2665,757,1475,336,0,6,AllPub,127000
3182,1346,1504,457,0,5,AllPub,181000
9375,1057,2034,645,0,5,AllPub,219500
9991,1281,1620,490,0,4,AllPub,150000
8737,1065,1635,440,0,7,AllPub,210000
5400,840,1374,338,0,6,AllPub,105000
10780,911,954,576,0,5,AllPub,132500
17500,1902,1902,567,0,8,AllPub,335000
7500,1257,1266,453,0,5,AllPub,176000
13860,1952,2704,538,0,7,AllPub,345000
12137,1649,1661,598,0,5,AllPub,224900
13907,996,996,0,0,6,AllPub,108000
9430,1252,2365,856,0,5,AllPub,337000
16059,1288,2417,462,0,5,AllPub,260000
9600,1242,1242,528,0,6,AllPub,175500
8872,912,912,576,0,8,AllPub,147000
11888,844,2134,441,0,6,AllPub,214500
4043,1069,1069,440,0,5,AllPub,127500
12205,832,2087,444,0,8,AllPub,187500
4438,848,848,420,0,5,AllPub,149000
14774,1393,2599,779,0,5,AllPub,333168
11423,1581,1601,670,0,5,AllPub,272000
8068,1010,2267,390,0,5,AllPub,200000
10215,864,948,248,0,5,AllPub,111000
10304,780,1868,484,0,7,AllPub,197500
12000,924,1122,528,0,7,AllPub,147000
6882,684,1355,0,0,7,AllPub,127000
4500,1237,1337,405,0,5,AllPub,153500
7937,1003,1003,588,0,6,AllPub,142500
7875,1144,1144,456,0,6,AllPub,139950
9600,572,1096,0,0,5,AllPub,79000
8263,1012,1012,308,0,5,AllPub,118400
5604,864,864,0,0,6,AllPub,98000
7950,690,1426,440,0,6,AllPub,159500
4045,1356,1500,648,0,5,AllPub,246578
16226,1028,2452,683,0,5,AllPub,267000
1533,630,630,0,0,7,AllPub,92000
11932,1580,1580,830,0,5,AllPub,235128
9738,784,1221,392,0,7,AllPub,104900
11361,1193,1523,478,0,5,AllPub,180000
9750,1108,2097,583,0,6,AllPub,274300
6240,1324,1324,550,0,5,AllPub,254000
6600,816,816,816,0,8,AllPub,138000
8450,1337,1337,531,0,5,AllPub,185000
12046,848,2030,551,0,6,AllPub,195000
10624,1728,1728,352,0,4,AllPub,119000
11425,1008,1008,275,0,6,AllPub,137000
10237,783,1484,393,0,5,AllPub,178900
8450,856,1710,548,0,5,AllPub,208500
9500,1394,1394,514,0,5,AllPub,159000
1936,630,630,0,0,6,AllPub,84500
8925,1466,1466,610,0,5,AllPub,201000
7795,716,1432,432,0,5,AllPub,188500
9600,528,1855,512,0,7,AllPub,187000
10005,1160,2022,505,0,5,AllPub,192000
2522,970,1709,380,0,5,AllPub,130000
18386,1470,3493,870,0,9,AllPub,295000
12508,983,1750,423,0,7,AllPub,160000
10120,925,1889,308,0,4,AllPub,122000
5784,190,886,273,0,8,AllPub,91300
11923,1800,1800,702,0,5,AllPub,239000
12464,1040,1040,576,0,5,AllPub,152000
9591,1143,2473,852,0,5,AllPub,317000
13515,764,1824,520,0,6,AllPub,180500
5868,936,936,308,0,7,AllPub,129000
15498,1565,2898,665,0,6,AllPub,287000
9717,1078,1078,240,0,6,AllPub,142125
9156,1489,1489,462,0,7,AllPub,185750
13891,1734,2822,1020,0,5,AllPub,582933
3604,689,1392,540,0,5,AllPub,146000
7685,697,1501,420,0,5,AllPub,165600
9120,1261,1261,433,0,6,AllPub,163000
10650,894,894,308,0,6,AllPub,128200
9101,1097,1110,602,0,6,AllPub,165500
8532,1297,1297,498,0,6,AllPub,153000
9473,1128,2031,577,0,5,AllPub,237000
9600,1041,1041,270,0,6,AllPub,124500
11362,1836,1836,862,0,5,AllPub,280000
13159,846,1692,650,0,5,AllPub,224500
7180,864,864,352,0,7,AllPub,127000
3316,1247,1247,550,0,5,AllPub,197000
13346,1095,2295,590,0,5,AllPub,268000
11885,1299,1872,531,0,5,AllPub,261500
5500,882,882,0,0,6,AllPub,103200
11003,1017,2007,812,0,5,AllPub,310000
6000,616,616,205,0,7,AllPub,89000
9828,1128,2020,466,0,5,AllPub,239500
4130,270,729,0,0,6,AllPub,52000
11049,1234,1234,484,0,5,AllPub,179900
10593,1720,1720,527,0,5,AllPub,260400
17755,1466,1466,528,0,4,AllPub,149900
9060,0,1340,252,0,6,AllPub,120000
6970,1040,1120,544,0,5,AllPub,129000
12416,1606,1651,616,0,5,AllPub,184000
11316,817,1894,510,0,5,AllPub,214900
7750,384,1430,400,0,5,AllPub,180000
8200,847,1928,434,0,5,AllPub,219500
13072,1158,1158,576,0,5,AllPub,158000
32463,1249,1622,1356,0,4,AllPub,168000
10029,1151,2060,521,0,5,AllPub,211000
7399,975,1950,576,0,5,AllPub,239000
6120,264,800,0,0,3,AllPub,60000
14115,1372,1472,588,0,5,AllPub,187500
11214,930,1886,431,0,5,AllPub,199900
11065,1085,1970,753,0,5,AllPub,281000
9742,1777,1795,534,0,5,AllPub,230000
10896,1440,3395,0,0,7,AllPub,200000
8125,756,1553,615,0,5,AllPub,186500
7851,860,1960,440,0,5,AllPub,216500
10721,1252,1252,528,0,6,AllPub,142000
6240,0,912,0,0,5,AllPub,80500
9405,698,698,0,0,9,AllPub,118000
11096,1656,1656,826,0,5,AllPub,249700
7407,912,1236,923,0,7,AllPub,149700
8100,849,2138,360,0,5,AllPub,106000
9100,925,925,429,0,6,AllPub,117500
3636,796,796,0,0,4,AllPub,55000
10437,2109,2113,839,0,6,AllPub,350000
9042,1152,2340,252,0,9,AllPub,266500
8123,982,1800,463,0,5,AllPub,179000
27650,585,2069,505,0,7,AllPub,242000
6762,1208,1208,628,0,5,AllPub,195400
70761,1533,1533,576,0,5,AllPub,280000
1680,525,1092,264,0,5,AllPub,88000
10800,718,2554,704,0,8,AllPub,159500
9000,1184,2610,550,0,5,AllPub,303477
11210,1614,1614,865,0,5,AllPub,221500
5001,1314,1314,626,0,5,AllPub,230000
9000,650,1482,324,0,9,AllPub,143000
12090,585,1868,477,0,7,AllPub,178000
5400,1149,1616,216,0,7,AllPub,152000
9600,992,1661,377,0,6,AllPub,165500
8944,1584,1584,792,0,5,AllPub,124000
9786,1007,1077,210,0,4,AllPub,91000
12227,1330,2872,619,0,7,AllPub,272000
10134,735,1034,240,0,6,AllPub,109000
9200,1136,1136,384,0,6,AllPub,140000
4224,1142,1142,528,0,5,AllPub,134000
5306,1064,1767,504,0,7,AllPub,239000
9600,845,893,576,0,7,AllPub,135000
7000,864,864,336,0,8,AllPub,136500
9313,864,1728,572,0,5,AllPub,190000
11250,1208,1208,546,0,6,AllPub,165000
164660,1499,1786,529,0,6,AllPub,228950
9382,1468,1479,577,0,5,AllPub,191000
9947,1188,1217,497,0,5,AllPub,173000
12090,1141,2263,420,0,5,AllPub,258000
8892,1065,1065,461,0,5,AllPub,126500
1890,630,630,0,0,7,AllPub,81000
12168,965,3194,380,0,6,AllPub,359100
6931,746,1656,397,0,5,AllPub,165400
10440,650,1539,686,0,8,AllPub,157500
12180,672,924,280,0,4,AllPub,80000
15256,1485,1464,754,0,5,AllPub,282922
10140,1040,1309,484,648,6,AllPub,181000
9600,702,1472,250,0,8,AllPub,125000
8910,655,1194,539,0,6,AllPub,159500
10192,570,1920,487,0,6,AllPub,170000
6204,795,2230,440,0,5,AllPub,118500
9000,864,864,528,0,6,AllPub,120500
8640,1300,1314,552,0,5,AllPub,229456
10208,1264,2344,889,0,5,AllPub,265000
8800,576,1140,0,0,7,AllPub,96500
11333,1029,1062,539,0,5,AllPub,146800
4928,958,958,440,0,6,AllPub,143750
7763,931,1283,506,0,7,AllPub,140000
10678,1683,2872,541,0,5,AllPub,285000
12400,1215,1215,297,0,7,AllPub,155000
3182,1266,1266,388,0,5,AllPub,159895
8760,1194,1194,312,0,6,AllPub,148000
10655,3206,1629,880,0,5,AllPub,284000
10000,1220,2090,556,0,5,AllPub,240000
25419,1360,3112,795,512,4,AllPub,235000
8100,1559,1559,812,0,6,AllPub,153500
12493,1100,1100,312,0,5,AllPub,141000
10356,969,969,440,0,6,AllPub,122000
9880,1096,1118,358,576,6,AllPub,171000
8530,384,1474,400,0,5,AllPub,168500
3675,547,1072,525,0,5,AllPub,148000
6000,735,1218,440,0,6,AllPub,131000
12134,559,1752,492,0,7,AllPub,164000
7200,780,780,352,0,7,AllPub,124900
53504,1650,3279,841,0,5,AllPub,538000
12886,520,1464,480,0,6,AllPub,175000
1680,483,987,264,0,5,AllPub,85400
7200,776,1502,270,0,6,AllPub,149000
10410,672,1214,936,0,4,AllPub,105000
9000,896,1792,0,0,5,AllPub,136000
10357,910,1442,719,0,5,AllPub,179900
10800,1034,2078,836,0,5,AllPub,339750
21750,0,1771,336,0,4,AllPub,115000
9084,755,1510,296,0,5,AllPub,108000
13651,2223,2223,516,0,6,AllPub,244000
11250,920,1786,608,0,5,AllPub,223500
11435,792,1517,400,0,7,AllPub,230000
8430,1040,1040,0,0,5,AllPub,124000
10120,1165,2526,844,0,5,AllPub,290000
8480,970,970,624,0,6,AllPub,132500
6292,768,790,160,0,5,AllPub,91000
8125,1092,1550,438,0,5,AllPub,241000
13710,910,1558,282,0,5,AllPub,152000
7420,1057,1057,576,0,5,AllPub,132000
8012,923,923,264,0,5,AllPub,143000
12456,1700,1718,786,0,5,AllPub,337500
11207,802,1511,413,0,5,AllPub,185000
4750,1573,1625,538,0,5,AllPub,235000
8089,1419,1419,567,0,6,AllPub,392000
8250,1092,1092,504,0,7,AllPub,145000
9022,768,792,240,0,8,AllPub,109500
8525,940,1964,0,0,6,AllPub,130000
9262,1573,1578,840,0,5,AllPub,287090
8480,832,1216,336,0,5,AllPub,118500
9800,894,894,552,0,7,AllPub,149900
11175,1316,1316,440,0,5,AllPub,200141
10769,866,1768,578,0,5,AllPub,212000
9100,1728,1728,504,0,5,AllPub,125000
9600,1067,1067,436,0,7,AllPub,128000
8063,924,1690,463,0,5,AllPub,181000
17140,1134,1229,284,0,6,AllPub,135000
20431,1848,2728,706,0,5,AllPub,437154
11404,1153,2031,541,0,5,AllPub,222500
8546,1121,1121,440,0,5,AllPub,140000
8700,1120,1128,525,0,6,AllPub,155000
50271,1842,1842,894,0,5,AllPub,385000
6120,884,1573,240,0,7,AllPub,133000
4435,848,848,420,0,5,AllPub,140000
9873,960,960,576,0,5,AllPub,129000
8400,1478,1478,442,0,3,AllPub,156500
11645,860,1720,565,0,5,AllPub,196500
12030,1694,1694,818,0,5,AllPub,318000
10084,1552,1552,782,0,5,AllPub,212900
12118,1710,1710,550,0,5,AllPub,240000
2016,630,1302,440,0,5,AllPub,106000
4923,1593,1593,682,0,5,AllPub,286000
25286,1064,1040,648,0,5,AllPub,132250
7449,637,1108,280,0,7,AllPub,139400
9000,1196,1196,297,0,5,AllPub,139000
11302,1814,1826,758,0,5,AllPub,319000
21535,2444,4316,832,0,6,AllPub,755000
9503,1024,1344,484,0,5,AllPub,144000
11414,728,2019,532,0,8,AllPub,167500
7162,876,904,408,0,7,AllPub,109900
10930,913,1558,288,0,6,AllPub,140000
8462,928,1721,471,0,5,AllPub,201000
6563,1742,1742,564,0,5,AllPub,275000
11394,1856,1856,834,0,2,AllPub,394432
3196,1374,1557,420,0,5,AllPub,234000
9525,994,1855,325,0,4,AllPub,136900
7819,1029,1117,672,0,5,AllPub,107000
8400,1473,1484,606,0,5,AllPub,213000
10140,1056,1074,495,0,6,AllPub,153500
6371,1358,1358,484,0,5,AllPub,224000
9554,777,1911,471,0,5,AllPub,215000
3600,684,1368,216,0,7,AllPub,114504
8049,1309,1339,484,0,5,AllPub,180000
9248,1158,1167,400,0,6,AllPub,173000
7200,900,900,576,0,7,AllPub,134800
10921,960,960,432,0,5,AllPub,94750
2522,970,1709,380,0,5,AllPub,130000
8731,915,1167,495,0,5,AllPub,144000
11767,768,1200,240,0,6,AllPub,130500
14331,1800,1800,765,0,5,AllPub,312500
21384,1324,1576,528,0,6,AllPub,223500
11000,969,2285,648,0,5,AllPub,248000
7175,744,752,264,0,5,AllPub,125000
11250,1104,1788,304,0,5,AllPub,161500
6120,927,1539,576,0,6,AllPub,141500
9967,384,1430,400,0,5,AllPub,170000
5687,780,1716,0,0,6,AllPub,135900
10800,0,1294,0,0,7,AllPub,106250
2522,970,1709,380,0,5,AllPub,137500
9477,864,892,264,0,5,AllPub,110000
10708,1617,1867,303,0,5,AllPub,190000
8520,714,2526,216,0,7,AllPub,136000
7314,1232,1232,632,0,5,AllPub,194500
12772,958,958,301,0,8,AllPub,151500
8767,1310,1310,400,0,5,AllPub,164990
10496,1040,1846,315,0,6,AllPub,143000
14803,825,1993,495,0,5,AllPub,190000
8777,796,796,0,0,7,AllPub,85000
7844,672,1400,440,0,7,AllPub,149500
11250,1128,2290,779,0,5,AllPub,255900
8993,1302,1302,436,0,5,AllPub,176485
9900,778,1489,240,0,7,AllPub,139500
15865,2217,2217,621,0,6,AllPub,268000
7200,1041,1125,352,0,6,AllPub,125000
11218,1055,1845,462,0,5,AllPub,189000
8320,770,1582,520,0,5,AllPub,185900
8544,0,1040,400,0,4,AllPub,93500
11751,1844,1844,546,0,6,AllPub,190000
12552,991,1947,678,0,5,AllPub,254900
7200,1214,2291,506,0,6,AllPub,133900
11700,1240,2640,864,0,7,AllPub,265979
8816,1121,1121,480,0,6,AllPub,139000
8198,1358,1358,484,0,5,AllPub,207000
13728,1127,2108,540,0,7,AllPub,235000
10927,1058,1904,736,0,5,AllPub,275000
9245,990,990,672,0,5,AllPub,145000
10440,1510,2792,520,0,7,AllPub,256000
8487,1500,1500,570,0,5,AllPub,190000
12327,1496,2132,612,0,8,AllPub,316600
11029,1184,1414,601,0,8,AllPub,176500
13000,896,2142,509,0,6,AllPub,193500
8750,804,1682,523,0,5,AllPub,200500
12220,2006,2020,900,0,5,AllPub,402861
8520,968,968,480,0,6,AllPub,100000
7588,793,1802,216,0,6,AllPub,200100
7642,912,1426,216,0,8,AllPub,189950
10206,1563,1563,758,0,5,AllPub,245000
16321,1484,1600,319,0,6,AllPub,207500
8750,1002,1002,902,0,6,AllPub,148500
7446,788,788,0,0,5,AllPub,100000
13600,768,1986,486,0,6,AllPub,205000
9297,1728,1728,560,0,5,AllPub,188000
9750,1630,1630,451,0,5,AllPub,213000
13300,928,928,252,0,7,AllPub,132000
11957,1574,1574,824,0,5,AllPub,232000
7875,783,1509,393,0,5,AllPub,180000
10800,641,1047,273,0,7,AllPub,100000
10197,1362,1362,504,0,5,AllPub,163000
32668,2035,2515,484,0,3,AllPub,200624
7800,896,2008,230,0,8,AllPub,225000
8475,952,952,283,0,7,AllPub,135750
4426,848,848,420,0,5,AllPub,143000
13101,1728,1728,576,0,5,AllPub,142600
11075,784,1968,530,0,4,AllPub,172000
7800,828,965,300,0,5,AllPub,119900
7200,864,864,720,0,8,AllPub,129000
11478,1704,1704,772,0,5,AllPub,306000
6768,912,912,288,0,8,AllPub,142000
12378,1896,1944,708,0,5,AllPub,360000
11341,1392,1392,528,0,6,AllPub,121500
13825,533,1601,300,0,6,AllPub,140000
9150,1099,1431,296,0,5,AllPub,165000
9900,1347,2646,656,0,5,AllPub,260000
13175,1542,2073,500,0,6,AllPub,210000
9464,1080,1080,288,0,7,AllPub,136000
10800,1522,2614,624,0,7,AllPub,240000
12384,793,1935,550,0,7,AllPub,197900
7200,530,1111,288,0,7,AllPub,101000
9937,1256,1256,276,0,6,AllPub,147500
6000,780,1412,280,0,6,AllPub,132500
11883,1504,1504,478,0,5,AllPub,203000
7677,773,773,240,0,5,AllPub,110000
8923,1008,1008,240,0,7,AllPub,134500
14100,728,3447,1014,0,9,AllPub,381000
8935,831,1660,493,0,5,AllPub,195000
5330,420,708,0,0,7,AllPub,82500
6000,1103,1103,440,0,6,AllPub,110500
14175,1188,1437,576,0,6,AllPub,168000
8593,907,907,352,0,6,AllPub,109008
2289,855,1441,440,0,6,AllPub,148500
7200,0,1040,420,0,5,AllPub,90000
7700,882,882,461,0,5,AllPub,112500
9018,728,1456,400,0,5,AllPub,179540
10634,608,1319,270,0,6,AllPub,123000
10615,978,1699,420,0,5,AllPub,95000
6000,884,1348,216,0,8,AllPub,117000
12702,0,882,308,0,5,AllPub,97000
11050,1440,2153,736,0,5,AllPub,313000
13811,1112,1137,551,0,6,AllPub,176000
1533,546,1344,0,0,6,AllPub,97000
5814,1220,1360,565,0,5,AllPub,187500
13053,833,1848,370,0,7,AllPub,207000
12358,720,1382,660,0,6,AllPub,128500
1890,672,1218,264,0,5,AllPub,113000
13673,1140,1696,349,0,5,AllPub,143900
10530,975,1004,504,0,5,AllPub,135000
7500,771,1494,213,0,7,AllPub,177500
14191,967,1908,431,0,5,AllPub,202900
19138,864,864,400,0,5,AllPub,141000
2308,855,1322,440,0,5,AllPub,147000
11512,1019,1357,312,0,7,AllPub,177000
9200,938,938,308,0,6,AllPub,130250
7128,918,1646,240,0,5,AllPub,164000
7838,864,900,288,0,5,AllPub,123000
9937,1486,1486,480,0,7,AllPub,167000
11317,840,1668,500,0,5,AllPub,180000
10364,806,1572,373,0,5,AllPub,168000
12677,1518,1518,588,0,5,AllPub,274000
17423,2216,2234,1166,0,5,AllPub,501837
25000,1632,1632,576,0,4,AllPub,143000
11600,1383,1383,292,0,5,AllPub,145250
14226,1935,1973,895,0,5,AllPub,395000
8163,1144,1144,796,0,6,AllPub,143000
5062,1190,2090,577,0,5,AllPub,207500
15426,928,1764,470,0,5,AllPub,231500
8450,1349,1349,539,0,5,AllPub,179000
7728,1106,1190,540,0,6,AllPub,132500
9590,868,1146,438,0,5,AllPub,187500
9842,0,1224,462,0,5,AllPub,101800
9196,1560,1560,573,0,5,AllPub,201000
6000,901,901,281,0,7,AllPub,107900
16158,1530,1530,430,0,5,AllPub,260000
2645,970,1739,480,0,5,AllPub,172500
1920,765,1365,440,0,5,AllPub,122500
14000,1306,2260,533,0,5,AllPub,328000
7472,725,1479,484,0,9,AllPub,184000
4438,848,848,420,0,5,AllPub,144500
10207,874,1761,578,0,6,AllPub,227875
8749,1459,1459,527,0,5,AllPub,192000
7060,1344,1344,784,0,5,AllPub,206300
8556,1240,1240,826,0,5,AllPub,194000
11475,713,1552,434,0,6,AllPub,179900
1680,672,1218,0,0,5,AllPub,91500
14115,796,1362,480,0,5,AllPub,143000
9786,912,1734,440,0,7,AllPub,159000
14442,1477,1839,416,0,7,AllPub,257500
12640,1728,1728,574,0,5,AllPub,150900
4043,1069,1069,440,0,6,AllPub,140000
8499,616,1412,432,0,5,AllPub,156932
9855,1436,1689,480,0,5,AllPub,127500
10240,1686,1686,612,0,6,AllPub,207500
6402,596,1192,189,0,5,AllPub,78000
10205,925,999,300,0,5,AllPub,134500
7052,1364,1364,484,0,5,AllPub,185850
4500,1216,1216,402,0,5,AllPub,164000
12968,912,912,352,0,6,AllPub,144000
57200,747,1687,572,0,5,AllPub,160000
2308,804,1548,440,0,6,AllPub,155000
9240,1055,2263,905,0,5,AllPub,287000
8400,0,2020,630,0,5,AllPub,144000
4224,1040,1060,572,0,7,AllPub,129900
10004,1516,1516,472,0,6,AllPub,167000
13695,1114,1114,576,0,5,AllPub,159000
10142,956,2084,618,0,5,AllPub,233000
8712,992,1306,756,0,7,AllPub,153000
10380,1502,2730,576,0,5,AllPub,301000
12394,847,1733,433,0,5,AllPub,225000
4928,1078,958,440,0,5,AllPub,128000
12704,2042,2042,1390,0,5,AllPub,253293
9017,1431,1431,666,0,5,AllPub,192000
5820,1162,1163,220,0,8,AllPub,126175
8963,1142,2715,831,0,9,AllPub,299800
7153,761,1603,484,0,5,AllPub,175900
11184,918,1683,440,0,5,AllPub,172500
15578,728,1456,429,0,5,AllPub,172785
7200,936,936,672,0,5,AllPub,140000
10562,1582,2161,789,0,5,AllPub,325624
7681,731,1343,186,0,6,AllPub,154900
9920,971,971,300,0,6,AllPub,128500
13560,1392,1392,576,0,3,AllPub,110000
6435,972,1577,312,0,5,AllPub,140200
21695,880,1680,540,0,9,AllPub,222000
9849,1689,1689,954,0,6,AllPub,248328
7200,803,1360,297,0,6,AllPub,125500
10475,1694,1694,776,0,5,AllPub,245350
14215,1158,2376,853,0,5,AllPub,325300
2117,756,1573,440,0,5,AllPub,177500
11988,1244,1244,336,0,6,AllPub,150000
9600,1032,1252,288,0,5,AllPub,119000
7018,0,2240,528,0,5,AllPub,142953
8405,0,1529,240,0,3,AllPub,98000
7930,1026,1026,440,0,8,AllPub,156000
10592,602,1502,180,0,7,AllPub,165000
2217,546,1092,286,0,4,AllPub,88000
8850,815,1690,225,0,6,AllPub,144000
7018,0,1535,400,0,5,AllPub,118858
14260,1145,2198,836,0,5,AllPub,250000
10434,1005,1005,672,0,5,AllPub,115000
9950,1203,2520,721,0,5,AllPub,290000
10667,799,1661,550,0,6,AllPub,212000
5436,796,1154,240,0,8,AllPub,125500
13600,662,2337,560,0,5,AllPub,90000
11606,1040,2080,504,0,5,AllPub,135000
7990,924,924,280,0,6,AllPub,110000
2160,600,1252,462,0,5,AllPub,160000
9400,912,1824,0,0,5,AllPub,139000
14375,819,1344,525,0,6,NoSeWa,137500
7500,1040,1040,308,0,5,AllPub,133000
10175,1425,1425,576,0,5,AllPub,180500
11070,1907,1959,766,0,5,AllPub,171000
6000,698,1176,624,0,9,AllPub,134900
19690,697,2201,432,738,7,AllPub,274970
9906,686,1328,210,0,4,AllPub,107000
7700,756,1839,442,0,5,AllPub,155000
12615,1202,2158,576,0,7,AllPub,243000
6180,960,986,180,0,5,AllPub,102000
10084,1686,1694,636,0,5,AllPub,307000
13125,1478,1493,508,0,5,AllPub,208900
9300,1268,1264,461,0,5,AllPub,167500
9900,1008,2210,205,0,4,AllPub,117500
5890,816,816,432,0,8,AllPub,120500
9636,808,1593,389,0,5,AllPub,178000
8892,105,910,414,0,7,AllPub,116000
8640,1372,1372,529,0,5,AllPub,250580
7892,918,918,264,0,5,AllPub,99500
9291,832,1710,506,0,5,AllPub,187000
9056,707,1414,403,0,5,AllPub,178000
2500,910,1826,164,0,8,AllPub,155000
10652,1494,1494,840,0,5,AllPub,279500
9600,1156,1520,364,0,6,AllPub,153000
9480,728,1644,312,0,7,AllPub,146500
7350,952,952,840,0,7,AllPub,139000
63887,6110,5642,1418,480,5,AllPub,160000
11367,1065,1989,586,0,5,AllPub,255000
8600,780,1376,198,0,6,AllPub,119500
13214,2002,2018,746,0,5,AllPub,378500
3378,651,1389,240,0,8,AllPub,135000
19900,1947,2207,576,0,5,AllPub,180000
9000,636,1750,240,0,6,AllPub,124000
9560,864,864,288,0,7,AllPub,128500
11103,728,1456,440,0,5,AllPub,155835
9842,612,2601,621,0,6,AllPub,189000
8070,990,990,0,0,5,AllPub,123600
8730,698,1396,384,0,7,AllPub,153575
8281,864,864,360,0,5,AllPub,62383
9452,1396,2392,870,0,5,AllPub,348000
5400,833,833,326,0,7,AllPub,117000
7390,1098,1098,260,0,7,AllPub,135000
6171,976,1608,216,0,6,AllPub,137450
6000,649,1183,308,0,7,AllPub,120000
10320,756,1469,216,0,7,AllPub,135000
8544,1228,1228,271,0,6,AllPub,149350
13125,800,1740,240,0,6,AllPub,219500
11900,1392,1392,458,0,5,AllPub,166000
7388,1063,1327,624,0,6,AllPub,150750
2001,546,1092,286,0,5,AllPub,75000
8402,1120,1120,0,0,5,AllPub,147000
9100,864,864,624,0,5,AllPub,129900
5381,1306,1306,624,0,5,AllPub,196000
10800,686,1652,416,0,6,AllPub,139000
9100,1212,1212,573,0,5,AllPub,178000
6292,861,1477,216,0,7,AllPub,145000
11584,539,1725,550,0,6,AllPub,197000
14054,879,1863,660,0,5,AllPub,219210
21872,729,1446,406,0,5,AllPub,175000
10335,1490,1501,577,0,5,AllPub,204000
12803,1494,1494,530,0,5,AllPub,221000
15138,1462,2794,810,0,5,AllPub,403000
10083,1176,1200,555,0,5,AllPub,184900
12000,704,1564,234,0,7,AllPub,174500
11616,1092,1092,288,0,5,AllPub,139000
6000,1008,1522,0,0,5,AllPub,102000
9505,884,2035,434,0,5,AllPub,222500
13173,1652,1652,840,0,5,AllPub,325000
6130,784,784,0,0,6,AllPub,109500
7931,1269,1269,308,0,6,AllPub,155000
7064,980,980,484,0,6,AllPub,135000
12342,861,861,539,0,5,AllPub,82500
17503,912,1458,330,0,5,AllPub,97500
9230,864,1200,884,0,8,AllPub,146000
7200,788,804,240,0,7,AllPub,119000
10800,1200,1200,0,0,5,AllPub,179000
53227,1364,1663,529,0,6,AllPub,256000
5720,676,1131,200,0,6,AllPub,66500
7018,1086,1224,528,0,5,AllPub,153337
7150,892,892,288,0,5,AllPub,100000
11040,1258,1258,528,0,7,AllPub,145000
1953,483,987,264,0,5,AllPub,83000
6000,884,904,180,0,7,AllPub,119000
16659,795,2263,539,0,7,AllPub,235000
8400,721,841,294,0,4,AllPub,82000
9453,996,1744,457,0,7,AllPub,194500
8760,1391,1962,868,0,5,AllPub,239799
6240,780,1208,539,0,5,AllPub,103000
9098,528,605,0,0,7,AllPub,86000
9250,1056,1056,260,0,7,AllPub,139400
8500,649,1317,250,0,4,AllPub,40000
12108,1440,1440,0,0,4,AllPub,118000
8640,756,1547,614,0,5,AllPub,215200
17871,1680,1724,480,0,5,AllPub,197900
5400,1073,1073,326,0,6,AllPub,108480
26178,1210,2519,628,0,5,AllPub,335000
10846,1719,1719,473,0,5,AllPub,324000
13891,2076,2076,850,0,5,AllPub,465000
5330,1494,1652,499,0,5,AllPub,251000
8125,813,1665,562,0,6,AllPub,205950
9600,856,1668,271,0,8,AllPub,140000
8160,756,1134,240,0,6,AllPub,126000
9000,784,784,360,0,3,AllPub,76000
3982,1520,1567,648,0,5,AllPub,264561
15660,798,1954,431,0,9,AllPub,311500
13650,1052,1920,451,0,5,AllPub,172500
8795,952,2256,554,0,5,AllPub,236000
1596,462,988,297,0,5,AllPub,91000
12665,1094,2482,642,0,5,AllPub,281213
13478,1722,2296,842,0,5,AllPub,451950
11235,1051,1382,459,0,5,AllPub,148000
12376,1673,3222,594,0,5,AllPub,320000
5600,0,1092,0,0,5,AllPub,55000
9450,894,894,400,0,5,AllPub,110000
6155,611,1362,502,0,8,AllPub,128000
3013,1362,1506,440,0,5,AllPub,213490
8814,1274,1274,508,0,5,AllPub,203000
8877,816,816,288,0,6,AllPub,100000
1491,630,630,0,0,6,AllPub,75500
10159,1930,1940,606,0,5,AllPub,395192
7590,660,1348,453,0,5,AllPub,155000
10800,1120,1130,720,0,6,AllPub,120000
5664,1501,1659,499,0,5,AllPub,278000
10463,893,1801,800,0,5,AllPub,239900
10800,656,968,216,0,6,AllPub,64500
18030,1598,3086,0,0,6,AllPub,200500
9765,680,1470,420,0,8,AllPub,185000
10625,458,835,366,0,5,AllPub,83000
9350,1302,1302,309,0,7,AllPub,158000
7244,768,768,624,0,7,AllPub,129500
19378,1392,2462,576,0,5,AllPub,320000
10420,1212,1212,460,0,5,AllPub,186000
11838,1753,1788,522,0,5,AllPub,236500
9353,864,864,280,0,5,AllPub,116050
115149,1643,1824,739,0,5,AllPub,302000
10264,1588,1588,472,0,5,AllPub,214000
8800,936,1054,480,0,7,AllPub,137500
9550,756,1717,642,0,5,AllPub,140000
10400,866,1779,546,0,5,AllPub,197900
4590,1554,1554,627,0,5,AllPub,209500
9600,689,1378,360,0,9,AllPub,161000
9900,832,1978,486,0,5,AllPub,176000
7945,1150,1150,300,0,6,AllPub,141000
11000,1154,1154,480,0,6,AllPub,154000
10141,832,1718,427,0,5,AllPub,185000
9600,728,1308,256,0,7,AllPub,160000
7227,832,832,528,0,6,AllPub,105500
14948,1452,2713,858,0,5,AllPub,446261
9130,800,1632,484,0,8,AllPub,173000
8926,672,960,288,0,3,AllPub,112000
9200,1470,2630,696,0,5,AllPub,315000
10570,853,2727,440,0,8,AllPub,315000
2117,756,1512,440,0,5,AllPub,168500
13006,964,2236,642,0,5,AllPub,222000
2665,264,1304,336,0,6,AllPub,115000
8846,750,1500,564,0,5,AllPub,173900
13284,1383,1383,354,0,5,AllPub,165000
8471,506,1212,492,0,7,AllPub,151000
1680,630,1302,264,0,7,AllPub,119500
13450,916,1861,492,0,5,AllPub,200000
7875,1237,1253,402,0,5,AllPub,176000
12800,1518,1644,569,0,5,AllPub,275000
9337,824,1786,684,0,5,AllPub,204750
11443,1868,2028,880,0,5,AllPub,369900
8724,894,894,450,0,5,AllPub,129000
14601,1838,1838,765,0,5,AllPub,315000
14536,1616,1629,808,0,5,AllPub,270000
11200,1040,1040,384,0,5,AllPub,129500
13693,2153,2643,694,0,5,AllPub,380000
9100,742,935,308,0,6,AllPub,79500
6000,672,1324,240,0,6,AllPub,128000
8199,728,1456,410,0,5,AllPub,189000
9490,806,1578,240,0,7,AllPub,133000
10452,1094,1094,495,0,5,AllPub,155000
16196,1482,1494,514,0,5,AllPub,215000
10106,644,1355,0,0,7,AllPub,127500
24682,841,1675,502,0,5,AllPub,181000
8755,992,2060,390,0,5,AllPub,214000
8176,1056,1056,308,0,6,AllPub,139000
9037,1476,1484,472,0,5,AllPub,265900
5586,901,1198,0,0,7,AllPub,79900
14778,1296,1640,924,0,7,AllPub,224000
9100,1860,1836,484,0,5,AllPub,216837
12919,2330,2364,820,0,5,AllPub,611657
10832,712,1895,409,0,5,AllPub,194500
12224,992,2054,390,0,5,AllPub,244000
10200,1461,1509,600,0,5,AllPub,175000
8741,735,1487,220,0,4,AllPub,113000
8633,738,1476,540,0,5,AllPub,173500
9600,1416,1644,418,0,5,AllPub,167000
3182,1373,1555,430,0,5,AllPub,192500
8791,864,1728,673,0,5,AllPub,207500
11625,1039,1039,504,0,4,AllPub,131500
7540,888,912,470,0,6,AllPub,156000
9541,1502,1502,644,0,5,AllPub,233170
7200,1208,1904,240,0,4,AllPub,138000
1300,561,1229,462,0,6,AllPub,124000
7259,1028,2320,180,0,8,AllPub,259500
8400,814,913,240,0,5,AllPub,129000
9945,988,988,572,0,5,AllPub,128500
13518,1926,3140,820,0,5,AllPub,485000
16259,1249,2596,840,0,5,AllPub,342643
9375,1284,2169,647,0,5,AllPub,228500
34650,1056,1056,572,0,5,AllPub,145000
9042,943,1638,472,0,5,AllPub,192000
9735,384,1394,400,0,5,AllPub,167500
8248,864,864,0,0,3,AllPub,67000
9675,1113,1971,689,0,5,AllPub,253000
7590,864,1812,264,0,5,AllPub,169500
6240,896,1344,240,0,4,AllPub,115000
10448,689,2119,583,0,6,AllPub,158000
13891,1710,1710,866,0,5,AllPub,372402
3230,729,1458,440,0,5,AllPub,176000
3180,600,1200,480,0,5,AllPub,151000
1869,483,987,280,0,6,AllPub,106000
6000,936,936,576,0,4,AllPub,93000
5925,600,968,0,0,6,AllPub,37900
28698,1013,2126,538,0,5,AllPub,185000
10007,1053,1053,312,0,7,AllPub,145500
8536,1125,1125,430,0,5,AllPub,155000
8000,972,972,240,0,6,AllPub,132000
11160,2110,2110,522,0,5,AllPub,244000
9303,872,1756,422,0,5,AllPub,204000
4400,648,1118,440,0,8,AllPub,116000
11409,768,1716,281,0,4,AllPub,131000
12209,804,1961,560,0,5,AllPub,215000
10316,992,1865,839,0,5,AllPub,235000
40094,3138,4676,884,0,5,AllPub,184750
13132,747,1784,180,0,5,AllPub,138887
10400,1845,1872,604,0,5,AllPub,241500
16157,1360,1432,588,0,7,AllPub,194000
11249,1200,1200,521,0,5,AllPub,177500
10246,648,960,364,0,9,AllPub,145000
31770,1080,1656,528,0,5,AllPub,215000
6600,894,894,308,0,5,AllPub,109500
20781,1568,2156,508,0,7,AllPub,262500
11900,1386,1411,544,0,5,AllPub,82500
7742,955,955,386,0,7,AllPub,127000
5063,1314,1314,626,0,5,AllPub,207500
18450,1021,2380,596,0,5,AllPub,129000
9650,1350,1334,630,0,5,AllPub,167900
11851,1424,1442,500,0,5,AllPub,180500
6305,920,954,240,0,7,AllPub,119750
9790,1328,1328,528,0,5,AllPub,143000
8520,910,1385,720,0,4,AllPub,166000
6060,732,1123,264,0,5,AllPub,100000
12244,1482,2262,749,0,5,AllPub,305000
22420,1370,2624,864,0,6,AllPub,239000
9600,1164,1164,528,0,5,AllPub,140000
10150,912,912,275,0,5,AllPub,114500
8450,1436,1436,484,0,5,AllPub,210000
12474,1682,2332,846,0,5,AllPub,426000
9206,741,1732,476,0,5,AllPub,178000
9764,894,894,450,0,7,AllPub,130000
7800,793,1118,410,0,7,AllPub,119900
11839,1475,2329,514,0,5,AllPub,262280
3500,720,1284,240,0,7,AllPub,110000
7050,1057,1929,650,0,5,AllPub,226000
23257,868,2021,422,0,5,AllPub,274725
5520,755,2229,0,0,6,AllPub,104000
10382,588,1095,264,0,5,AllPub,140000
2268,764,1626,474,0,5,AllPub,173000
8410,658,1184,0,0,3,AllPub,81000
7264,952,1548,672,0,7,AllPub,205000
4280,440,694,352,0,6,AllPub,90350
7658,1752,1752,576,0,5,AllPub,319900
10552,1398,1700,447,0,5,AllPub,165500
5900,440,869,0,0,7,AllPub,85500
10900,689,1392,299,0,7,AllPub,161750
15384,788,1490,388,0,5,AllPub,184000
8877,836,1220,396,0,5,AllPub,102000
10712,974,974,0,0,5,AllPub,93500
3010,1248,1248,438,0,5,AllPub,167240
7313,1561,1561,556,0,5,AllPub,277500
10000,1588,1588,825,0,5,AllPub,227000
6993,912,1236,288,0,7,AllPub,135000
3182,1346,1504,437,0,5,AllPub,191000
15306,1732,1776,712,0,5,AllPub,283463
8125,1408,1679,575,0,5,AllPub,193500
9571,1144,1144,596,0,6,AllPub,129000
11600,1105,2274,480,0,5,AllPub,154300
11198,1122,2504,656,0,5,AllPub,325000
5271,1453,1453,445,0,5,AllPub,190000
11075,952,2112,576,0,5,AllPub,206900
11767,560,1346,384,0,7,AllPub,112000
10542,1311,2418,983,0,5,AllPub,341000
9600,728,1641,546,0,7,AllPub,178000
11880,1271,1601,478,0,5,AllPub,157000
8125,770,1576,614,0,5,AllPub,197000
1950,716,1556,452,0,6,AllPub,151000
8777,1272,2200,0,0,7,AllPub,145900
11120,1232,1232,516,0,6,AllPub,162500
8562,1216,1526,364,0,6,AllPub,144500
12692,3200,3228,546,0,5,AllPub,430000
9803,866,1768,603,0,5,AllPub,226700
8450,894,894,336,0,8,AllPub,138500
6858,806,1647,216,0,4,AllPub,128000
16669,1686,1707,511,0,6,AllPub,228000
14684,2158,2196,701,0,7,AllPub,271900
13005,845,2353,484,0,7,AllPub,260000
10530,981,981,576,0,5,AllPub,143250
7560,1040,1040,286,0,5,AllPub,133700
7200,1262,1262,572,0,5,AllPub,185000
21453,938,988,540,0,5,AllPub,180000
8472,816,816,516,0,5,AllPub,110000
9549,1494,1494,481,0,5,AllPub,270000
10920,1253,1253,352,0,5,AllPub,157000
12461,1624,1624,757,0,5,AllPub,262000
8773,916,1600,460,0,5,AllPub,169000
11500,1017,2057,180,0,7,AllPub,250000
14572,1530,1530,630,0,5,AllPub,259000
12150,1050,1795,352,0,5,AllPub,131500
16545,1284,2450,1069,0,5,AllPub,340000
8750,915,1908,493,0,5,AllPub,210000
4251,625,1250,528,0,5,AllPub,164700
12243,1484,1484,487,0,6,AllPub,175000
10240,1030,2098,878,0,5,AllPub,275500
3684,1373,1555,660,0,5,AllPub,174000
4403,1470,1478,484,0,5,AllPub,222000
20544,791,2093,542,0,6,AllPub,215000
4058,723,767,367,0,5,AllPub,133000
10998,984,1604,660,0,5,AllPub,117000
9591,1713,1713,856,0,5,AllPub,274900
9320,950,1225,0,0,5,AllPub,128950
9179,873,1790,588,0,5,AllPub,193000
3182,600,1200,480,0,5,AllPub,151000
14006,936,1776,474,0,5,AllPub,192500
9920,1056,1063,280,0,5,AllPub,128000
7056,780,1796,483,0,5,AllPub,140000
15870,1096,1096,299,0,5,AllPub,138800
14200,924,2157,487,0,6,AllPub,226000
7200,596,1762,576,0,7,AllPub,157000
8125,858,858,0,0,4,AllPub,88000
9000,780,1375,544,0,6,AllPub,141000
9760,822,1851,440,0,8,AllPub,187000
14112,1152,1152,484,0,7,AllPub,180500
2645,776,1441,492,0,5,AllPub,174000
16560,952,2345,360,0,8,AllPub,239000
9060,560,1258,280,0,5,AllPub,105000
5389,1595,1616,608,0,5,AllPub,236500
7032,943,943,600,0,5,AllPub,135960
9350,1219,1265,502,0,8,AllPub,179900
8990,1498,1498,675,0,5,AllPub,204900
17104,654,1496,426,0,5,AllPub,179665
8212,864,864,200,0,3,AllPub,58500
20896,2077,2097,1134,0,5,AllPub,423000
2280,744,1501,440,0,5,AllPub,179400
21286,720,1271,312,0,5,AllPub,135000
8235,825,825,720,0,7,AllPub,125000
14781,1753,1787,748,0,5,AllPub,275000
9588,1482,2574,868,0,5,AllPub,276000
11526,588,2555,672,0,7,AllPub,191000
8854,952,952,192,0,6,AllPub,121000
3180,600,1200,480,0,5,AllPub,144152
9638,804,2447,336,0,7,AllPub,169000
4274,1241,1241,569,0,5,AllPub,199900
4435,848,848,420,0,5,AllPub,136500
11287,807,1982,575,0,6,AllPub,228500
3675,547,1072,525,0,5,AllPub,140000
6853,1267,1296,471,0,5,AllPub,220000
5684,813,813,270,0,8,AllPub,110000
8777,0,1126,520,0,5,AllPub,108000
3950,818,1224,210,0,8,AllPub,115000
14850,1092,1092,299,0,5,AllPub,141000
11670,1905,1905,788,0,5,AllPub,320000
10500,864,864,0,0,5,AllPub,115000
8158,884,1768,543,0,5,AllPub,224900
9500,816,1977,540,0,6,AllPub,165000
6930,1062,1352,288,0,4,AllPub,130000
4500,1224,1224,402,0,5,AllPub,165000
3635,1386,1569,660,0,5,AllPub,175900
8765,951,951,327,0,6,AllPub,106500
7252,858,858,576,0,5,AllPub,134900
2887,1291,1291,431,0,5,AllPub,173000
13700,864,1820,492,0,6,AllPub,201800
8688,1616,1616,834,0,5,AllPub,232000
9317,1314,1314,440,0,5,AllPub,176432
7800,1268,1268,244,0,6,AllPub,132000
9286,1268,1268,252,0,7,AllPub,143500
10594,768,789,200,0,5,AllPub,96500
12095,1127,1445,645,0,6,AllPub,158000
14585,1144,1429,572,0,6,AllPub,181900
15576,840,1680,308,0,7,AllPub,177000
16692,1392,2784,564,519,5,AllPub,250000
12122,944,999,588,0,9,AllPub,178400
5310,485,1635,255,0,8,AllPub,117000
8973,1008,1053,750,0,7,AllPub,150000
10140,1064,1350,478,0,5,AllPub,165000
7800,912,912,288,0,5,AllPub,115000
8930,0,1902,539,0,5,AllPub,112000
8445,768,768,396,0,7,AllPub,133000
9760,780,1611,442,0,6,AllPub,167900
10880,1164,1164,240,0,5,AllPub,125000
1680,672,1218,264,0,7,AllPub,118000
3735,691,1452,506,0,5,AllPub,183900
9170,1214,1214,461,0,7,AllPub,140000
9600,1095,1774,779,0,2,AllPub,87000
8461,728,1456,390,0,5,AllPub,163990
7000,617,1310,398,0,6,AllPub,112000
2448,764,1626,474,0,5,AllPub,154000
10400,1304,1682,530,0,6,AllPub,174000
9750,1054,1054,460,0,8,AllPub,151000
5400,691,691,216,0,6,AllPub,86000
5000,1004,1664,420,0,7,AllPub,159000
9000,1566,1566,750,0,5,AllPub,262500
9986,1795,1795,895,0,5,AllPub,147000
6897,1040,1040,260,0,8,AllPub,127000
10355,1214,1214,318,0,5,AllPub,143000
4435,848,848,420,0,5,AllPub,155900
15863,824,3082,672,0,3,AllPub,197000
9750,980,980,384,0,5,AllPub,135500
12984,1430,1647,621,0,6,AllPub,217500
5105,551,1102,480,0,5,AllPub,148800
9247,858,1716,490,0,6,AllPub,171000
5500,926,1316,484,0,7,AllPub,130000
7917,953,1647,460,0,5,AllPub,175000
7200,1293,1301,572,0,5,AllPub,187750
8012,1575,1575,529,0,5,AllPub,179200
7804,1122,1981,576,0,3,AllPub,135000
10800,796,1466,566,0,8,AllPub,170000
14963,1260,1288,500,0,5,AllPub,245500
11782,1109,1155,576,0,7,AllPub,148000
7758,999,999,264,0,7,AllPub,132500
11777,1164,1320,564,0,6,AllPub,164500
8521,912,912,336,0,5,AllPub,125000
6120,715,875,180,0,7,AllPub,105000
9600,264,1432,360,0,7,AllPub,132000
8072,990,990,480,0,5,AllPub,138000
11344,874,1524,315,0,5,AllPub,144000
14000,1092,1152,300,0,8,AllPub,158500
12438,1234,2576,666,0,5,AllPub,361919
8000,773,1658,431,0,5,AllPub,188000
11846,1792,1792,874,0,5,AllPub,374000
7500,994,1804,442,0,5,AllPub,189000
9600,1113,1113,264,0,7,AllPub,147000
21750,988,988,520,0,5,AllPub,113000
7500,698,1128,528,0,4,AllPub,68400
3196,1273,1456,400,0,5,AllPub,215000
13526,935,935,288,0,6,AllPub,137000
13500,1237,2775,880,0,9,AllPub,325000
3964,942,2521,576,0,4,AllPub,151400
2628,764,1626,474,0,5,AllPub,175500
4800,1196,1196,440,0,7,AllPub,109900
13125,1104,2127,833,0,5,AllPub,238000
6324,520,520,240,0,6,AllPub,68500
15611,1126,1126,540,0,6,AllPub,175000
9808,1573,1573,544,0,5,AllPub,227000
23595,1332,1524,586,0,6,AllPub,260000
8172,941,1470,548,0,6,AllPub,135000
8366,798,1640,520,0,5,AllPub,173000
14598,894,1933,668,0,5,AllPub,214000
9858,864,874,288,0,6,AllPub,130000
8712,859,1178,384,0,7,AllPub,102776
13125,1134,1803,484,0,4,AllPub,155000
8520,624,720,484,0,8,AllPub,105900
7153,1278,1294,496,0,5,AllPub,179200
8294,858,872,480,0,5,AllPub,123000
1526,630,630,286,0,8,AllPub,86000
10991,1571,1571,722,0,5,AllPub,239000
10665,1453,1479,558,0,5,AllPub,226000
2280,855,1456,440,0,6,AllPub,148500
6951,876,923,264,0,5,AllPub,119500
16737,1980,1980,770,0,5,AllPub,315000
11999,1181,2374,656,0,5,AllPub,285000
9520,1638,1646,800,0,5,AllPub,293077
10012,1138,1181,588,0,5,AllPub,137500
12274,1417,1428,554,0,5,AllPub,227680
9600,1050,1050,338,0,6,AllPub,128900
8197,660,1285,528,0,5,AllPub,143500
9000,768,1590,676,0,5,AllPub,210000
4060,864,864,0,0,8,AllPub,99900
3182,1145,1145,397,0,5,AllPub,160200
8834,1462,2224,738,0,5,AllPub,350000
10125,1196,1279,473,0,6,AllPub,171500
10482,588,1138,264,0,8,AllPub,145000
9938,1050,1949,574,0,5,AllPub,236000
18800,796,1574,566,0,5,AllPub,190000
8400,720,2192,240,0,8,AllPub,179500
8544,0,1040,400,0,4,AllPub,87500
7837,799,1571,380,0,7,AllPub,178000
11345,928,1920,400,0,5,AllPub,137000
10400,1090,1370,479,0,5,AllPub,152000
14115,1073,1811,470,0,7,AllPub,230000
21930,732,1838,372,0,5,AllPub,192140
1680,630,1302,280,0,5,AllPub,112000
5100,588,1666,228,0,7,AllPub,161000
7500,1080,1080,0,0,5,AllPub,141000
21000,1809,2259,450,0,5,AllPub,217000
11796,847,1959,434,0,5,AllPub,215000
12798,616,1688,603,0,5,AllPub,200000
8172,864,864,572,0,7,AllPub,115000
10440,440,1230,440,0,6,AllPub,110000
6380,993,1048,280,0,6,AllPub,113000
11194,1406,1936,504,0,5,AllPub,230500
8064,672,924,576,0,7,AllPub,122900
12822,1434,2149,670,0,5,AllPub,239686
2280,855,1456,440,0,5,AllPub,146000
7917,1143,1113,504,0,7,AllPub,148000
7406,1199,1220,632,0,5,AllPub,194000
11924,1175,2324,736,0,5,AllPub,345000
8400,1319,1537,462,0,9,AllPub,174000
9572,1453,2810,750,0,5,AllPub,302000
13265,1568,1689,857,0,5,AllPub,271000
10200,1086,1086,490,0,7,AllPub,144900
3072,1375,1414,398,0,5,AllPub,178740
8400,940,1595,240,0,5,AllPub,140000
17542,1192,2167,518,0,7,AllPub,294000
10728,1095,1939,1053,0,5,AllPub,266000
6000,960,960,308,0,4,AllPub,108500
14364,1157,2062,454,0,5,AllPub,277000
12182,1541,1541,532,0,5,AllPub,220000
11248,1626,1668,702,0,5,AllPub,285000
6270,1001,2002,871,0,6,AllPub,145000
9120,901,1876,540,0,6,AllPub,185000
5000,1026,1691,308,0,6,AllPub,127000
7922,1057,1057,246,0,7,AllPub,109000
7438,504,1252,576,0,8,AllPub,127000
11841,816,816,0,0,5,AllPub,118500
6120,768,1015,450,0,7,AllPub,88000
11040,637,1336,570,0,6,AllPub,108000
8769,1702,1702,1052,0,5,AllPub,367294
7200,0,1040,420,0,5,AllPub,109900
10628,1277,1277,526,0,5,AllPub,167000
17600,1478,1478,498,0,5,AllPub,157500
6960,864,864,660,0,6,AllPub,120500
4118,693,693,0,0,4,AllPub,52500
6420,980,1148,308,0,7,AllPub,123500
13517,725,1479,475,0,8,AllPub,130500
11700,708,1416,776,0,6,AllPub,179900
10000,1176,1178,439,0,6,AllPub,157000
7577,1362,1362,460,0,5,AllPub,194700
6627,0,720,287,0,6,AllPub,72500
2651,673,1382,490,0,5,AllPub,165000
12900,1198,1258,400,0,4,AllPub,108959
7711,1440,1440,0,0,3,AllPub,150000
9158,1496,1496,474,0,5,AllPub,225000
17920,1763,1779,454,0,4,AllPub,170000
6240,1078,1573,360,0,7,AllPub,162900
8780,833,833,0,0,5,AllPub,112000
10386,2000,2000,888,0,5,AllPub,305900
12257,1318,2531,752,0,5,AllPub,290000
15611,1079,1919,685,0,5,AllPub,233230
12589,742,1484,390,0,5,AllPub,174000
5587,1600,1652,482,0,5,AllPub,392500
5000,0,334,0,0,3,AllPub,39300
9587,856,1166,400,0,5,AllPub,190000
10125,0,1734,539,0,5,AllPub,126000
159000,1444,2144,389,0,7,AllPub,277000
13695,1114,1114,576,0,5,AllPub,155000
14154,1063,2172,947,0,5,AllPub,280000
10500,864,864,576,0,6,AllPub,97000
8280,932,932,306,0,5,AllPub,124000
5825,600,747,528,0,5,AllPub,79900
9600,2524,2524,542,0,5,AllPub,278000
8899,1340,1340,396,0,5,AllPub,181134
10659,1050,1050,368,0,6,AllPub,136500
9548,941,1829,613,0,6,AllPub,237000
12936,723,1395,497,0,6,AllPub,162000
10000,864,1144,264,0,6,AllPub,131400
6240,816,1176,528,0,6,AllPub,114500
15602,1501,1801,484,0,8,AllPub,289000
6600,816,816,264,0,9,AllPub,130500
9364,663,1352,299,0,7,AllPub,158000
8450,1056,1056,304,0,6,AllPub,142000
7018,0,1535,410,0,5,AllPub,118964
6780,520,754,0,0,8,AllPub,84500
8816,1010,1052,440,0,7,AllPub,155000
18000,894,894,1248,0,4,AllPub,81000
7094,894,894,384,0,5,AllPub,125000
9492,768,1376,240,0,5,AllPub,105000
22950,1107,3608,840,0,9,AllPub,475000
11308,1104,2184,836,0,5,AllPub,335000
7200,0,1040,625,0,7,AllPub,109500
11457,1392,1412,576,0,5,AllPub,175000
7000,1117,1347,0,0,7,AllPub,107500
10839,926,1604,470,0,5,AllPub,181000
3182,1256,1269,430,0,5,AllPub,192000
8900,1056,1056,384,0,4,AllPub,107000
16285,1413,1430,605,0,5,AllPub,187100
1680,483,987,264,0,8,AllPub,118000
8400,290,438,246,0,5,AllPub,60000
11170,1216,2514,693,0,5,AllPub,250000
9600,1262,1262,460,0,8,AllPub,181500
9120,1026,1820,240,0,6,AllPub,184000
11029,1054,2654,619,0,7,AllPub,250000
15523,864,864,338,0,6,AllPub,133500
6000,862,1158,208,0,7,AllPub,120000
8125,1654,1654,900,0,5,AllPub,230000
8740,840,860,528,0,6,AllPub,137000
12144,832,1268,288,0,7,AllPub,133000
9375,912,2094,615,0,5,AllPub,263000
11600,700,1180,252,0,5,AllPub,137500
10762,978,1983,490,0,5,AllPub,225000
9317,740,1775,425,0,5,AllPub,213000
10400,732,1790,484,0,5,AllPub,165150
9100,864,864,300,0,6,AllPub,127500
4920,1338,1338,582,0,5,AllPub,213500
3363,976,1708,380,0,5,AllPub,130000
11228,1080,2097,678,0,5,AllPub,228000
8658,1088,1324,440,0,5,AllPub,160000
12099,1136,2468,872,0,5,AllPub,354000
10171,1517,1535,532,0,5,AllPub,214000
7599,845,845,360,0,6,AllPub,129500
11764,1152,2270,671,0,7,AllPub,290000
9965,1264,2696,792,0,5,AllPub,383970
9236,1479,1494,576,0,5,AllPub,217000
9000,1006,1006,0,0,3,AllPub,80000
8250,952,1211,322,0,5,AllPub,134000
8400,810,1665,528,0,6,AllPub,227000
6173,876,902,288,0,6,AllPub,125500
16466,816,1393,300,0,7,AllPub,135500
9600,735,2058,396,0,5,AllPub,129500
3675,547,1072,525,0,5,AllPub,145000
9525,1099,1099,352,0,6,AllPub,144000
7200,876,988,276,0,7,AllPub,119000
11400,2633,2633,804,0,5,AllPub,466500
14803,2078,2084,1220,0,5,AllPub,385000
4282,1391,1391,530,0,5,AllPub,196000
12328,1012,1034,888,0,5,AllPub,169900
5232,680,764,504,0,5,AllPub,73000
16635,1602,1602,529,0,7,AllPub,215000
11694,1822,1828,774,0,5,AllPub,314813
3922,1258,1258,648,0,5,AllPub,172500
26142,1188,1188,312,0,7,AllPub,157900
13474,700,2243,746,0,5,AllPub,225000
12898,1620,1620,912,0,5,AllPub,315500
9066,1004,1852,660,0,5,AllPub,230000
9125,384,1482,392,0,5,AllPub,163900
14157,1922,1922,676,0,5,AllPub,377426
10635,1657,1668,502,0,5,AllPub,232000
16056,1992,2868,716,0,5,AllPub,556581
11988,715,1660,240,0,7,AllPub,188700
10300,576,1710,480,0,6,AllPub,140000
25095,1437,1473,452,0,8,AllPub,143000
9180,840,884,504,0,7,AllPub,144000
6442,1370,1370,484,0,5,AllPub,202500
14230,1566,1600,890,0,5,AllPub,256300
9069,936,996,564,0,6,AllPub,147000
5250,684,2358,0,0,5,AllPub,122000
7200,768,768,396,0,8,AllPub,133900
3842,1594,1646,482,0,5,AllPub,275000
7024,1090,1090,450,0,5,AllPub,157000
13400,1024,1086,484,0,5,AllPub,159950
6600,994,2372,432,0,4,AllPub,107500
7920,319,1406,0,0,7,AllPub,89500
10768,1437,1437,528,0,8,AllPub,218000
6820,1488,1502,528,0,5,AllPub,212000
35133,1572,1572,995,0,4,AllPub,186700
10970,940,1026,576,0,6,AllPub,147000
16770,1195,1839,486,0,5,AllPub,221000
11645,1734,1734,660,0,5,AllPub,260000
10480,1064,1639,240,0,5,AllPub,115000
8500,793,1517,0,0,7,AllPub,115000
17400,1126,1126,484,0,5,AllPub,160000
7200,1022,1022,280,0,4,AllPub,85000
12513,715,1738,368,0,4,AllPub,104900
8335,0,1124,0,0,5,AllPub,93000
12155,672,1482,400,0,8,AllPub,140000
12537,1078,1078,500,0,6,AllPub,149900
10778,1768,1768,0,0,5,AllPub,136500
7585,810,1456,280,0,3,AllPub,91500
5362,661,1250,552,0,6,AllPub,139000
12160,1505,1505,505,0,4,AllPub,149500
12203,1225,2612,676,0,5,AllPub,336000
10226,1622,1630,860,0,5,AllPub,295493
8773,1414,1414,494,0,5,AllPub,185500
9830,1063,1287,576,0,7,AllPub,162000
4671,1228,1228,472,0,5,AllPub,189000
10656,1638,1646,870,0,5,AllPub,248900
7415,839,1593,398,0,5,AllPub,193000
3000,612,1224,528,0,5,AllPub,173733
14892,1746,1746,758,0,5,AllPub,377500
5350,728,1306,0,0,2,AllPub,76500
9340,672,672,234,0,6,AllPub,113000
8846,870,914,576,0,5,AllPub,148000
5000,720,803,360,0,6,AllPub,87000
7200,0,1048,420,0,5,AllPub,98300
7800,864,899,288,0,7,AllPub,130000
6762,1286,1294,662,0,5,AllPub,193879
11241,1004,1004,480,0,7,AllPub,149000
14762,0,2320,672,0,6,AllPub,169000
7082,686,1928,0,0,8,AllPub,160000
29959,973,1850,467,0,6,AllPub,248000
2592,536,1112,336,0,3,AllPub,85000
7200,894,894,600,0,5,AllPub,123000
5395,1337,1337,462,0,5,AllPub,180000
7420,991,1077,205,0,6,AllPub,118000
6300,742,1484,0,0,6,AllPub,128000
8640,900,1852,644,0,5,AllPub,252678
7200,731,1768,240,0,7,AllPub,175000
7200,560,1135,576,0,9,AllPub,155000
10335,1461,1721,440,0,6,AllPub,180000
13500,1602,1252,564,0,7,AllPub,235000
7750,408,1419,527,0,5,AllPub,184100
9920,1117,2013,455,0,5,AllPub,269790
10152,1048,1048,286,0,5,AllPub,135000
11844,2046,2046,834,0,5,AllPub,372500
10603,1610,1610,480,0,7,AllPub,205000
4017,625,1250,625,0,5,AllPub,171900
36500,1624,1582,390,0,5,AllPub,190000
10800,954,2414,520,0,4,AllPub,160000
12342,978,1422,286,0,5,AllPub,139900
10859,1097,1097,672,0,5,AllPub,145000
12735,864,864,576,0,5,AllPub,111250
9965,1466,2828,1052,0,5,AllPub,424870
13286,1698,1698,768,0,5,AllPub,320000
9375,1053,1992,648,0,5,AllPub,250000
4435,848,848,420,0,5,AllPub,131500
8393,1626,1712,588,0,5,AllPub,145000
12256,1463,2622,712,0,5,AllPub,325000
6000,789,789,250,0,5,AllPub,115000
7560,1029,1339,294,0,6,AllPub,139000
13072,1141,1141,484,0,5,AllPub,142500
6120,939,1513,180,0,8,AllPub,137500
17671,916,1742,424,0,9,AllPub,168000
8385,985,985,328,0,8,AllPub,149900
6900,740,778,924,0,6,AllPub,120500
13568,990,990,576,0,5,AllPub,156000
8400,1181,1694,576,0,5,AllPub,136500
9612,1468,1468,898,0,5,AllPub,244600
5790,840,1605,379,0,6,AllPub,107400
11911,684,1560,400,0,5,AllPub,174000
6040,0,1152,0,0,5,AllPub,82000
13472,2392,2392,968,0,5,AllPub,386250
7943,1029,1029,261,0,5,AllPub,118500
16033,1833,1850,772,0,5,AllPub,326000
7500,1221,1221,400,0,5,AllPub,185000
10140,1650,1680,583,0,5,AllPub,213250
2368,765,1365,440,0,6,AllPub,125000
15750,1165,1336,375,0,5,AllPub,157000
11500,1680,1680,528,0,6,AllPub,136905
7892,1199,1199,530,0,5,AllPub,153900
8500,1235,1235,480,0,3,AllPub,98600
8244,840,1720,440,0,5,AllPub,183500
9000,480,480,308,0,3,AllPub,35311
14450,2121,2121,732,0,5,AllPub,415298
9020,1127,1165,490,0,7,AllPub,174900
10793,780,1620,462,0,5,AllPub,152000
8885,864,902,484,0,5,AllPub,131000
11275,710,2978,564,0,7,AllPub,242000
10206,0,944,528,0,3,AllPub,82000
